brand_name,generic_name,common_forms
Nexcital,nebivolol,tablet
Inderen,propranolol,tablet
Indever,propranolol,tablet
Napa,paracetamol,tablet|syrup
Napa one,paracetamol,tablet
Zimax,azithromycin,tablet|syrup
Bilau,bilastine,tablet
Rivotril,clonazepam,tablet
Exeptim,exemestane,tablet
Kacin,kanamycin,injection
Apeelo,apremilast,tablet
Econate,econazole,cream|lotion
Thyrox,levothyroxine,tablet
Etorix,etoricoxib,tablet
Asynta,azithromycin,tablet
Losita,losartan,tablet
Voligel,diclofenac,gel
Montelon,montelukast,tablet
Cortan,prednisolone,tablet
Radifil,rifaximin,tablet
Nervion,betahistine,tablet
Povital,multivitamin,tablet|syrup
Myolax,chlorzoxazone,tablet
Myotax,chlorzoxazone,tablet
Vonocab,vonoprazan,tablet
Duloxen,duloxetine,capsule
Fixocard,carvedilol,tablet
Pregan,pregabalin,capsule
Emep,esomeprazole,capsule
Beklo,baclofen,tablet
Kinate,quinine,tablet
Frulae,furosemide,tablet
Escilex,escitalopram,tablet
Esohil,esomeprazole,capsule
Esotid,esomeprazole,capsule
Lubilay,luliconazole,cream
Dexter,dextromethorphan,syrup|tablet
Setra,sertraline,tablet
Algin,aluminium hydroxide,tablet|suspension
Traxy 500,tranexamic acid,tablet|injection
Doxycap,doxycycline,capsule
Robac,rabeprazole,tablet
Omep,omeprazole,capsule
Maxpro,rabeprazole,tablet
Sergel,esomeprazole,tablet
Disopan,disopyramide,capsule
Mixit,metronidazole,tablet|gel
Thyrox,levothyroxine,tablet
Furocef,cefuroxime,tablet
Torat,torsemide,tablet
Dextal,dexamethasone,tablet|injection
Paloxi,palonosetron,injection|tablet
Domin,domperidone,tablet|syrup
Nitrofur,nitrofurantoin,capsule|tablet
Comet,co-trimoxazole,tablet
Medroxy,medroxyprogesterone,tablet|injection
Avloclav,amoxicillin clavulanate,tablet|syrup
Klobid,clobazam,tablet
Rupa,rupatadine,tablet
Prestal,perindopril,tablet
Cidex,cefdinir,capsule|syrup
Bilaxe,bilastine,tablet
Dexnaaf,dexrabeprazole,tablet
Xiva,xylometazoline,nasal drops
Tuspel,tiotropium,inhaler
Clavutil,amoxicillin clavulanate,tablet|syrup
Merthomol,metamizole,tablet
Synogen,ceftriaxone,injection
Neurou,neurobion,tablet
Trypt,tryptomer,tablet
Methox,methotrexate,tablet|injection
Follison,follitropin,injection
Trilock 10,triamterene,tablet
Rifagut,rifaximin,tablet
Costan,atorvastatin,tablet
Levox,levofloxacin,tablet
Limbix,lamotrigine,tablet
Esahil,escitalopram,tablet
Fylox,folic acid,tablet
Telmacal,telmisartan,tablet
Rosu,rosuvastatin,tablet
Montelar,montelukast,tablet
Turboclav,amoxicillin clavulanate,tablet|syrup
Nortum,norethisterone,tablet
Coragen-D,carvedilol,tablet
Dinovo,dinovit,tablet
Nexemig,naratriptan,tablet
Elodep 5,escitalopram,tablet
Itoklav 50,itopride,tablet
Limtab,lithium,tablet
Mervax,mefenamic acid,tablet
Termitan,telmisartan,tablet
Ulfix,ufenamic acid,tablet
Brezofil,bromocriptine,tablet
Ezylife,ezogabine,tablet
Telmacal,telmisartan,tablet
Napronex,naproxen,tablet
Scluprud,scopolamine,patch|tablet
Costan,atorvastatin,tablet
Levox,levofloxacin,tablet
Nexum,nexium (esomeprazole),capsule
Rosuva 5,rosuvastatin,tablet
HPR DS,haemorrhoid preparation,ointment|suppository
N-MAX SO,nimesulide,tablet
Atoz,atorvastatin,tablet
Cortan,prednisolone,tablet
Vasco,amlodipine,tablet
Losectil,lansoprazole,capsule
Precabil,pregabalin,capsule
Fougest,folic acid,tablet
RUPIN,rifampicin,tablet
FEXO,fexofenadine,tablet
Profenid Gel,ketoprofen,gel
Xyflo,zileuton,tablet
Tenocab,teneligliptin,tablet
Apeclo,aceclofenac,tablet
Myosit,myositis (non-drug label),N/A
Relvis,riluzole,tablet
Vonocab,vonoprazan,tablet
Sandin,sandimmune (ciclosporin),capsule|liquid
Etorix,etoricoxib,tablet
Traxyl,tramadol,tablet|capsule
Racefil,racecadotril,tablet|sachet
Kacin,kanamycin,injection
Nimens,nimesulide,tablet
Elija,elijar (empagliflozin),tablet
Bengel,benzoyl peroxide,gel
Sergel,esomeprazole,tablet
Xyflo,zileuton,tablet
Radifil,rifaximin,tablet
Etorix,etoricoxib,tablet
Emep,esomeprazole,capsule
Synogen,ceftriaxone,injection
Neuroxen,neurobion,tablet
Telmacal,telmisartan,tablet
Fixocard,carvedilol,tablet
Pregan,pregabalin,capsule
Duloxen,duloxetine,capsule
Beklo,baclofen,tablet
Esohil,esomeprazole,capsule
Levox,levofloxacin,tablet
Nopa,paracetamol,tablet
Econat,econazole,cream
Klobid,clobazam,tablet
Bilax,bilastine,tablet
Ocof,ofloxacin,tablet|eye drops
