brand,product,generic,routes,manufacturer,source_url,revised,version,quote
augmentin,AUGMENTIN 625 DUO,amoxicillin/clavulanic acid,PO,GlaxoSmithKline Pharmaceuticals Limited (India),https://india-pharma.gsk.com/media/3wpapw52/augmentin-duo-tablets.pdf,2025-10-16,AUG-TAB/PI/IN/2025/01,Amoxycillin and Potassium Clavulanate Tablets IP
augmentin,AUGMENTIN 1g DUO,amoxicillin/clavulanic acid,PO,GlaxoSmithKline Pharmaceuticals Limited (India),https://india-pharma.gsk.com/media/3wpapw52/augmentin-duo-tablets.pdf,2025-10-16,AUG-TAB/PI/IN/2025/01,Amoxycillin and Potassium Clavulanate Tablets IP
augmentin,AUGMENTIN 375,amoxicillin/clavulanic acid,PO,GlaxoSmithKline Pharmaceuticals Limited (India),https://india-pharma.gsk.com/media/0fffg0ga/augmentin-375.pdf,2025-10-13,AUG-375/PI/IN/2025/01,Amoxycillin and Potassium Clavulanate Tablets IP
augmentin,AUGMENTIN DDS,amoxicillin/clavulanic acid,PO,GlaxoSmithKline Pharmaceuticals Limited (India),https://india-pharma.gsk.com/media/mpchixmp/augmentin-dds.pdf,2026-02-12,AUG-DDS/PI/IN/2026/01,Amoxycillin and Potassium Clavulanate for Oral Suspension IP 457 mg/5 mL
augmentin,AUGMENTIN DUO,amoxicillin/clavulanic acid,PO,GlaxoSmithKline Pharmaceuticals Limited (India),https://india-pharma.gsk.com/media/1e5lbzd3/augmentin-duo-suspension.pdf,2026-02-13,AUG-SUS/PI/IN/2026/01,Amoxycillin and Potassium Clavulanate for Oral Suspension IP 228.5 mg/5 mL
augmentin,I.V. AUGMENTIN,amoxicillin/clavulanic acid,IV,GlaxoSmithKline Pharmaceuticals Limited (India),https://india-pharma.gsk.com/media/y2wkjna1/augmentin-i-v.pdf,2025-11-12,AUG-IV/PI/IN/2025/01,Amoxycillin and Potassium Clavulanate for Injection IP 300mg / 600mg / 1.2g
ceftum,CEFTUM,cefuroxime,PO,GlaxoSmithKline Pharmaceuticals Limited (India),https://india-pharma.gsk.com/media/k3xe5d1e/ceftum-tablets.pdf,2026-07-24,CEF-CL/PI/IN/2026/01,Cefuroxime Axetil Tablets IP 250/500 mg
supacef,SUPACEF,cefuroxime,IV|IM,GlaxoSmithKline Pharmaceuticals Limited (India),https://india-pharma.gsk.com/media/kvffwtin/supacef.pdf,2026-05-27,,Cefuroxime Sodium for Injection IP
fortum,FORTUM / FORTUM ES,ceftazidime,IV|IM,GlaxoSmithKline Pharmaceuticals Limited (India),https://india-pharma.gsk.com/media/smkf4ycn/fortum-and-fortum-es.pdf,2018-10-22,FOR/PI/IN/2018/01,Ceftazidime for Injection IP
