generic,condition,kind,section,quote
amoxicillin/clavulanic acid,LIVER_DISEASE,warning,Contraindications,( 4.1 ) History of cholestatic jaundice/hepatic dysfunction associated with amoxicillin and clavulanate potassium tablets.
amoxicillin/clavulanic acid,LIVER_DISEASE,warning,Warnings and Precautions,(5.3) Hepatic dysfunction and cholestatic jaundice: Discontinue if signs/symptoms of hepatitis occur.
azithromycin,LIVER_DISEASE,warning,Contraindications,( 4.1 ) Patients with a history of cholestatic jaundice/hepatic dysfunction associated with prior use of azithromycin.
azithromycin,MYASTHENIA_GRAVIS,warning,Warnings and Precautions,( 5.5 ) Azithromycin may exacerbate muscle weakness in persons with myasthenia gravis.
azithromycin,QT_PROLONGATION,warning,Warnings and Precautions,( 5.3 ) Prolongation of QT interval and cases of torsades de pointes have been reported.
cefalexin,LIVER_DISEASE,warning,Warnings and Precautions,"Those at risk include patients with renal or hepatic impairment, or poor nutritional state, as well as patients receiving a protracted course of antibacterial therapy, and patients receiving anticoagulant therapy."
cefalexin,SEIZURE_DISORDER,warning,Warnings and Precautions,( 5.3 ) Seizure Potential : Use lower dose in patients with renal impairment.
cefazolin,LIVER_DISEASE,warning,Warnings and Precautions,"Those at risk include patients with renal or hepatic impairment or poor nutritional state, as well as patients receiving a protracted course of antimicrobial therapy, and patients previously stabilized on anticoagulant therapy."
cefazolin,SEIZURE_DISORDER,warning,Warnings and Precautions,"5.2 Seizures in Patients with Renal Impairment Seizures may occur with the administration of Cefazolin for Injection, particularly in patients with renal impairment [see Use in Specific Populations (8.6)] ."
cefepime,LIVER_DISEASE,warning,Warnings and Precautions,"Those at risk include patients with renal or hepatic impairment, or poor nutritional state, as well as patients receiving a protracted course of antibacterial therapy."
cefepime,SEIZURE_DISORDER,warning,Warnings and Precautions,"5.2 Neurotoxicity Serious adverse reactions have been reported including life-threatening or fatal occurrences of the following: encephalopathy (disturbance of consciousness including confusion, hallucinations, stupor, and coma), aphasia, myoclonus, seizures, and nonconvulsive status epilepticus [see Adverse Reactions (6.2) ]."
ceftazidime,SEIZURE_DISORDER,warning,Warnings and Precautions,"( 5.3 ) C entral Nervous System Reactions : Seizures and other neurologic events may occur, especially in patients with renal impairment."
ceftriaxone,LIVER_DISEASE,warning,Warnings and Precautions,"5.7 Patients with Hepatic and Renal Impairment Hepatic Impairment: In patients with both hepatic and significant renal disease, Ceftriaxone for Injection dosage should not exceed 2 grams daily."
ceftriaxone,SEIZURE_DISORDER,warning,Warnings and Precautions,"These reactions include encephalopathy (disturbances of consciousness including somnolence, lethargy, and confusion), seizures, myoclonus, and non-convulsive status epilepticus [see Adverse Reactions ( 6.2 ) ]."
ciprofloxacin,MYASTHENIA_GRAVIS,contraindication,Boxed Warning,"...US ADVERSE REACTIONS INCLUDING TENDINITIS, TENDON RUPTURE, PERIPHERAL NEUROPATHY, CENTRAL NERVOUS SYSTEM EFFECTS AND EXACERBATION OF MYASTHENIA GRAVIS Fluoroquinolones, including ciprofloxacin , have been associated with disabling and potentially irreversible serious adverse reactions that have occurred together [see Warnings and Precautions (5.1) ] including: Tendinitis and tendon rupture [..."
ciprofloxacin,SEIZURE_DISORDER,warning,Warnings and Precautions,"Central Nervous System Adverse Reactions Fluoroquinolones, including ciprofloxacin, have been associated with an increased risk of seizures (convulsions), increased intracranial pressure (pseudotumor cerebri), dizziness, and tremors."
ciprofloxacin,MYASTHENIA_GRAVIS,warning,Warnings and Precautions,"5.5 Exacerbation of Myasthenia Gravis Fluoroquinolones, including ciprofloxacin, have neuromuscular blocking activity and may exacerbate muscle weakness in patients with myasthenia gravis."
ciprofloxacin,QT_PROLONGATION,warning,Warnings and Precautions,( 5.11 ) QT Prolongation: Prolongation of the QT interval and isolated cases of torsade de pointes have been reported.
ciprofloxacin,DIABETES,warning,Warnings and Precautions,"5.19 Blood Glucose Disturbances Fluoroquinolones, including ciprofloxacin, have been associated with disturbances of blood glucose, including symptomatic hyperglycemia and hypoglycemia, usually in diabetic patients receiving concomitant treatment with an oral hypoglycemic agent (for example, glyburide) or with insulin."
ciprofloxacin,AORTIC_ANEURYSM,warning,Warnings and Precautions,"5.9 Risk of Aortic Aneurysm and Dissection Epidemiologic studies report an increased rate of aortic aneurysm and dissection within two months following use of fluoroquinolones, particularly in elderly patients."
clindamycin,LIVER_DISEASE,warning,Warnings and Precautions,"In patients with moderate to severe liver disease, prolongation of clindamycin half-life has been found."
imipenem/cilastatin,SEIZURE_DISORDER,warning,Warnings and Precautions,"• Seizure Potential: Seizures and other CNS adverse reactions, such as confusional states and myoclonic activity, have been reported during treatment with imipenem and cilastatin for injection."
levofloxacin,MYASTHENIA_GRAVIS,contraindication,Boxed Warning,"...US ADVERSE REACTIONS INCLUDING TENDINITIS, TENDON RUPTURE, PERIPHERAL NEUROPATHY, CENTRAL NERVOUS SYSTEM EFFECTS AND EXACERBATION OF MYASTHENIA GRAVIS Fluoroquinolones, including levofloxacin, have been associated with disabling and potentially irreversible serious adverse reactions that have occurred together [see Warnings and Precautions (5.1) ], including: Tendinitis and tendon rupture [s..."
levofloxacin,SEIZURE_DISORDER,warning,Warnings and Precautions,"Central Nervous System Adverse Reactions Fluoroquinolones, including levofloxacin, have been associated with an increased risk of seizures (convulsions), increased intracranial pressure (including pseudotumor cerebri), tremors, and lightheadedness."
levofloxacin,MYASTHENIA_GRAVIS,warning,Warnings and Precautions,"5.5 Exacerbation of Myasthenia Gravis Fluoroquinolones, including levofloxacin, have neuromuscular blocking activity and may exacerbate muscle weakness in patients with myasthenia gravis."
levofloxacin,QT_PROLONGATION,warning,Warnings and Precautions,Discontinue immediately if signs and symptoms of hepatitis occur (5.8) Clostridium difficile -associated colitis: evaluate if diarrhea occurs ( 5.10 ) Prolongation of the QT interval and isolated cases of torsade de pointes have been reported.
levofloxacin,DIABETES,warning,Warnings and Precautions,"5.13 Blood Glucose Disturbances Fluoroquinolones, including levofloxacin, have been associated with disturbances of blood glucose, including symptomatic hyperglycemia and hypoglycemia, usually in diabetic patients receiving concomitant treatment with an oral hypoglycemic agent (e.g., glyburide) or with insulin."
levofloxacin,AORTIC_ANEURYSM,warning,Warnings and Precautions,"5.9 Risk of Aortic Aneurysm and Dissection Epidemiologic studies report an increased rate of aortic aneurysm and dissection within two months following use of fluoroquinolones, particularly in elderly patients."
meropenem,SEIZURE_DISORDER,warning,Warnings and Precautions,( 5.3 ) Seizures and other adverse CNS experiences have been reported during treatment.
metronidazole,LIVER_DISEASE,warning,Warnings and Precautions,( 5.10 ) Hepatic Impairment: Not recommended in patients with severe hepatic impairment.
metronidazole,SEIZURE_DISORDER,warning,Warnings and Precautions,"( 5.5 ) Central and Peripheral Nervous System Effects: encephalopathy, convulsive seizures, aseptic meningitis and peripheral neuropathy with metronidazole, intracranial hypertension with tetracycline and neurotoxicity with bismuth-containing products."
metronidazole,QT_PROLONGATION,warning,Warnings and Precautions,"Drugs that Prolong the QT interval QT prolongation has been reported with metronidazole, a component of PYLERA, particularly when administered with drugs with the potential for prolonging the QT interval."
nitrofurantoin,LIVER_DISEASE,warning,Contraindications,"...n hypersensitivity to nitrofurantoin [see Warnings and Precautions (5.1) ]. patients with a previous history of cholestatic jaundice/hepatic dysfunction associated with nitrofurantoin [see Warnings and Precautions (5.3) ]. patients who have anuria, oliguria, or significant impairment of renal function (creatinine clearance under 60 mL per minute or clinically significant elevated serum creat..."
nitrofurantoin,DIABETES,warning,Warnings and Precautions,"Conditions such as renal impairment (creatinine clearance under 60 mL per minute or clinically significant elevated serum creatinine), anemia, diabetes mellitus, electrolyte imbalance, vitamin B deficiency, and debilitating disease may enhance the occurrence of peripheral neuropathy."
nitrofurantoin,G6PD_DEFICIENCY,warning,Warnings and Precautions,Hemolysis appears to be linked to a glucose-6-phosphate dehydrogenase deficiency in the red blood cells of the affected patients.
piperacillin/tazobactam,SEIZURE_DISORDER,warning,Warnings and Precautions,"( 5.5 ) As with other penicillins, piperacillin and tazobactam may cause neuromuscular excitability or seizures."
sulfamethoxazole/trimethoprim,LIVER_DISEASE,warning,Warnings and Precautions,"Patients with renal dysfunction, liver disease, malnutrition or those receiving high doses of sulfamethoxazole and trimethoprim injection are particularly at risk."
sulfamethoxazole/trimethoprim,DIABETES,warning,Warnings and Precautions,"5.14 Hypoglycemia Cases of hypoglycemia in non-diabetic patients treated with sulfamethoxazole and trimethoprim injection have been seen, usually occurring after a few days of therapy."
sulfamethoxazole/trimethoprim,G6PD_DEFICIENCY,warning,Warnings and Precautions,"5.12 Hemolysis In glucose-6-phosphate dehydrogenase deficient individuals, hemolysis may occur."
