generic,set_id,title,effective_time,url
amikacin,f260ff2a-76a0-4672-9516-91c344b67890,"US FDA label: amikacin sulfate (amikacin), intramuscular/intravenous, effective 2026-07-27",20260727,https://dailymed.nlm.nih.gov/dailymed/lookup.cfm?setid=f260ff2a-76a0-4672-9516-91c344b67890
amoxicillin,3a4afd36-dffa-44a1-9d09-e93cf66053bf,"US FDA label: Amoxicillin (amoxicillin), oral, effective 2026-08-20",20260820,https://dailymed.nlm.nih.gov/dailymed/lookup.cfm?setid=3a4afd36-dffa-44a1-9d09-e93cf66053bf
amoxicillin/clavulanic acid,704e99b1-c14a-40bf-adbd-c2794fa92c72,"US FDA label: Amoxicillin and Clavulanate Potassium (amoxicillin and clavulanate potassium), oral, effective 2026-09-10",20260910,https://dailymed.nlm.nih.gov/dailymed/lookup.cfm?setid=704e99b1-c14a-40bf-adbd-c2794fa92c72
ampicillin,78988f6a-a73b-4d3b-9a76-d61a748c3c16,"US FDA label: AMPICILLIN (ampicillin), intramuscular/intravenous, effective 2026-07-31",20260731,https://dailymed.nlm.nih.gov/dailymed/lookup.cfm?setid=78988f6a-a73b-4d3b-9a76-d61a748c3c16
azithromycin,94e17ae5-0871-67a0-e053-2995a90ae0ae,"US FDA label: Azithromycin (azithromycin), oral, effective 2026-09-09",20260909,https://dailymed.nlm.nih.gov/dailymed/lookup.cfm?setid=94e17ae5-0871-67a0-e053-2995a90ae0ae
cefalexin,4ecf9314-76e2-c270-e063-6294a90ad8db,"US FDA label: Cephalexin (cephalexin), oral, effective 2026-09-03",20260903,https://dailymed.nlm.nih.gov/dailymed/lookup.cfm?setid=4ecf9314-76e2-c270-e063-6294a90ad8db
cefazolin,4f3a9248-a354-4c77-bf5b-9eed38f00219,"US FDA label: Cefazolin (cefazolin), intravenous, effective 2026-02-27",20260227,https://dailymed.nlm.nih.gov/dailymed/lookup.cfm?setid=4f3a9248-a354-4c77-bf5b-9eed38f00219
cefepime,be5f8ca6-7232-423a-a2d5-cccb7abe7921,"US FDA label: Cefepime (cefepime), intravenous, effective 2026-06-25",20260625,https://dailymed.nlm.nih.gov/dailymed/lookup.cfm?setid=be5f8ca6-7232-423a-a2d5-cccb7abe7921
cefotaxime,ed23b6bc-32c7-4c50-a53d-313ae78e5623,"US FDA label: Cefotaxime (cefotaxime), intramuscular/intravenous, effective 2024-04-11",20240411,https://dailymed.nlm.nih.gov/dailymed/lookup.cfm?setid=ed23b6bc-32c7-4c50-a53d-313ae78e5623
ceftazidime,d9c2803f-dc9c-4b19-b4a3-8303bc8c15fd,"US FDA label: AVYCAZ (ceftazidime), intravenous, effective 2025-04-30",20250430,https://dailymed.nlm.nih.gov/dailymed/lookup.cfm?setid=d9c2803f-dc9c-4b19-b4a3-8303bc8c15fd
ceftriaxone,5cd2d96f-83e5-4326-ae87-d0ede4ba493a,"US FDA label: Ceftriaxone (ceftriaxone), intravenous, effective 2023-01-15",20230115,https://dailymed.nlm.nih.gov/dailymed/lookup.cfm?setid=5cd2d96f-83e5-4326-ae87-d0ede4ba493a
cefuroxime,76cec54f-d167-4298-951b-5411a3c47f4a,"US FDA label: Cefuroxime Axetil (cefuroxime), oral, effective 2026-08-05",20260805,https://dailymed.nlm.nih.gov/dailymed/lookup.cfm?setid=76cec54f-d167-4298-951b-5411a3c47f4a
ciprofloxacin,47d1e4c5-f669-4aca-9e8c-0d6bb833b859,"US FDA label: Ciprofloxacin (ciprofloxacin), oral, effective 2026-08-31",20260831,https://dailymed.nlm.nih.gov/dailymed/lookup.cfm?setid=47d1e4c5-f669-4aca-9e8c-0d6bb833b859
clindamycin,44fa506b-90ac-42de-831b-5f3f1a500fc0,"US FDA label: clindamycin phosphate (clindamycin), intravenous, effective 2026-04-28",20260428,https://dailymed.nlm.nih.gov/dailymed/lookup.cfm?setid=44fa506b-90ac-42de-831b-5f3f1a500fc0
doxycycline,3ae4ca12-be39-46b9-bc4c-f8356776c175,"US FDA label: Doxycycline Hyclate (doxycycline), oral, effective 2026-04-28",20260428,https://dailymed.nlm.nih.gov/dailymed/lookup.cfm?setid=3ae4ca12-be39-46b9-bc4c-f8356776c175
gentamicin,977180b3-a222-4282-d485-4a3217674305,"US FDA label: Gentamicin Sulfate (gentamicin), intramuscular/intravenous, effective 2026-05-20",20260520,https://dailymed.nlm.nih.gov/dailymed/lookup.cfm?setid=977180b3-a222-4282-d485-4a3217674305
imipenem/cilastatin,46f54df9-5afe-430c-aa19-0d84c2044b0b,"US FDA label: Imipenem and Cilastatin (imipenem and cilastatin), intravenous, effective 2025-01-16",20250116,https://dailymed.nlm.nih.gov/dailymed/lookup.cfm?setid=46f54df9-5afe-430c-aa19-0d84c2044b0b
levofloxacin,5a65b2bc-9edc-f193-e063-6394a90a0104,"US FDA label: Levofloxacin (levofloxacin), oral, effective 2026-09-01",20260901,https://dailymed.nlm.nih.gov/dailymed/lookup.cfm?setid=5a65b2bc-9edc-f193-e063-6394a90a0104
meropenem,8a2a545e-b336-416a-be73-9e0a7ccf6177,"US FDA label: Meropenem (meropenem), intravenous, effective 2026-08-26",20260826,https://dailymed.nlm.nih.gov/dailymed/lookup.cfm?setid=8a2a545e-b336-416a-be73-9e0a7ccf6177
metronidazole,5cdacbf5-67be-42eb-bd54-8acc32ea1abc,"US FDA label: PYLERA (metronidazole), oral, effective 2026-06-29",20260629,https://dailymed.nlm.nih.gov/dailymed/lookup.cfm?setid=5cdacbf5-67be-42eb-bd54-8acc32ea1abc
nitrofurantoin,dd99ba40-edff-47c3-9ee4-7e5b7774e5b5,"US FDA label: Nitrofurantoin (nitrofurantoin), oral, effective 2026-01-22",20260122,https://dailymed.nlm.nih.gov/dailymed/lookup.cfm?setid=dd99ba40-edff-47c3-9ee4-7e5b7774e5b5
piperacillin/tazobactam,a63ca653-27d4-45fe-a744-77e0efe45220,"US FDA label: Piperacillin and Tazobactam and Sodium Chloride (piperacillin and tazobactam), intravenous, effective 2026-05-08",20260508,https://dailymed.nlm.nih.gov/dailymed/lookup.cfm?setid=a63ca653-27d4-45fe-a744-77e0efe45220
sulfamethoxazole/trimethoprim,ebb570bb-6e5e-489e-875c-9e7b3a6d716a,"US FDA label: Sulfamethoxazole and Trimethoprim (sulfamethoxazole and trimethoprim), intravenous, effective 2025-07-16",20250716,https://dailymed.nlm.nih.gov/dailymed/lookup.cfm?setid=ebb570bb-6e5e-489e-875c-9e7b3a6d716a
