generic,atc_code,source
paracetamol,N02BE01,WHO ATC/DDD Index 2025
ibuprofen,M01AE01,WHO ATC/DDD Index 2025
diclofenac,M01AB05,WHO ATC/DDD Index 2025
tramadol,N02AX02,WHO ATC/DDD Index 2025
pantoprazole,A02BC02,WHO ATC/DDD Index 2025
omeprazole,A02BC01,WHO ATC/DDD Index 2025
ondansetron,A04AA01,WHO ATC/DDD Index 2025
domperidone,A03FA03,WHO ATC/DDD Index 2025
metoclopramide,A03FA01,WHO ATC/DDD Index 2025
loperamide,A07DA03,WHO ATC/DDD Index 2025
racecadotril,A07XA04,WHO ATC/DDD Index 2025
oral rehydration salts,A07CA,WHO ATC/DDD Index 2025
zinc sulfate,A12CB01,WHO ATC/DDD Index 2025
lactulose,A06AD11,WHO ATC/DDD Index 2025
cetirizine,R06AE07,WHO ATC/DDD Index 2025
levocetirizine,R06AE09,WHO ATC/DDD Index 2025
montelukast,R03DC03,WHO ATC/DDD Index 2025
salbutamol,R03AC02,WHO ATC/DDD Index 2025
ipratropium,R03BB01,WHO ATC/DDD Index 2025
budesonide,R03BA02,WHO ATC/DDD Index 2025
ambroxol,R05CB06,WHO ATC/DDD Index 2025
prednisolone,H02AB06,WHO ATC/DDD Index 2025
hydrocortisone,H02AB09,WHO ATC/DDD Index 2025
dexamethasone,H02AB02,WHO ATC/DDD Index 2025
metformin,A10BA02,WHO ATC/DDD Index 2025
glimepiride,A10BB12,WHO ATC/DDD Index 2025
amlodipine,C08CA01,WHO ATC/DDD Index 2025
telmisartan,C09CA07,WHO ATC/DDD Index 2025
atorvastatin,C10AA05,WHO ATC/DDD Index 2025
furosemide,C03CA01,WHO ATC/DDD Index 2025
enoxaparin,B01AB05,WHO ATC/DDD Index 2025
thiamine,A11DA01,WHO ATC/DDD Index 2025
