generic,routes,crcl_low,crcl_high,action,max_daily_mg,jurisdiction,source_id,title,section,quote
ampicillin,IV|IM,21,999,none,,IN,icmr-tg-2019,"ICMR Treatment Guidelines for Antimicrobial Use in Common Syndromes, 2nd edition (2019)","Table 14.1 row 3 (Ampicillin Inj.), p. 165",< 10-20: 0.5-1 g 8 hourly
ampicillin,IV|IM,0,20,adjust,3000,IN,icmr-tg-2019,"ICMR Treatment Guidelines for Antimicrobial Use in Common Syndromes, 2nd edition (2019)","Table 14.1 row 3 (Ampicillin Inj.), p. 165",< 10-20: 0.5-1 g 8 hourly
amoxicillin/clavulanic acid,IV,31,999,none,,IN,icmr-tg-2019,"ICMR Treatment Guidelines for Antimicrobial Use in Common Syndromes, 2nd edition (2019)","Table 14.1 row 4 (Amoxicillin sodium & clavulanate potassium), p. 165",10-30: 1.2 g IV stat followed by 600 mg 12 hourly
amoxicillin/clavulanic acid,IV,10,30,adjust,1200,IN,icmr-tg-2019,"ICMR Treatment Guidelines for Antimicrobial Use in Common Syndromes, 2nd edition (2019)","Table 14.1 row 4 (Amoxicillin sodium & clavulanate potassium), p. 165",10-30: 1.2 g IV stat followed by 600 mg 12 hourly
amoxicillin/clavulanic acid,IV,0,9,adjust,600,IN,icmr-tg-2019,"ICMR Treatment Guidelines for Antimicrobial Use in Common Syndromes, 2nd edition (2019)","Table 14.1 row 4 (Amoxicillin sodium & clavulanate potassium), p. 165",<10: 1.2 g IV stat followed by 600 mg OD
piperacillin/tazobactam,IV,41,999,none,,IN,icmr-tg-2019,"ICMR Treatment Guidelines for Antimicrobial Use in Common Syndromes, 2nd edition (2019)","Table 14.1 row 6 (Piperacillin sodium & Tazobactam Inj.), p. 165","20-40:3.375g, q6h;<20-2.25g q 6h, HD, 2.25g, q 8h."
piperacillin/tazobactam,IV,20,40,adjust,13500,IN,icmr-tg-2019,"ICMR Treatment Guidelines for Antimicrobial Use in Common Syndromes, 2nd edition (2019)","Table 14.1 row 6 (Piperacillin sodium & Tazobactam Inj.), p. 165","20-40:3.375g, q6h;<20-2.25g q 6h, HD, 2.25g, q 8h."
piperacillin/tazobactam,IV,0,19,adjust,9000,IN,icmr-tg-2019,"ICMR Treatment Guidelines for Antimicrobial Use in Common Syndromes, 2nd edition (2019)","Table 14.1 row 6 (Piperacillin sodium & Tazobactam Inj.), p. 165","20-40:3.375g, q6h;<20-2.25g q 6h, HD, 2.25g, q 8h."
cefazolin,IV|IM,55,999,none,,IN,icmr-tg-2019,"ICMR Treatment Guidelines for Antimicrobial Use in Common Syndromes, 2nd edition (2019)","Table 14.1 row 8 (Cefazolin Sodium Inj.), p. 166","35-54 : Full doses at 8 hourly interval, 11-34-half the usual dose every 12 h, less than 10- half the usual dose every 24h"
cefazolin,IV|IM,35,54,adjust,,IN,icmr-tg-2019,"ICMR Treatment Guidelines for Antimicrobial Use in Common Syndromes, 2nd edition (2019)","Table 14.1 row 8 (Cefazolin Sodium Inj.), p. 166","35-54 : Full doses at 8 hourly interval, 11-34-half the usual dose every 12 h, less than 10- half the usual dose every 24h"
cefazolin,IV|IM,11,34,adjust,,IN,icmr-tg-2019,"ICMR Treatment Guidelines for Antimicrobial Use in Common Syndromes, 2nd edition (2019)","Table 14.1 row 8 (Cefazolin Sodium Inj.), p. 166","35-54 : Full doses at 8 hourly interval, 11-34-half the usual dose every 12 h, less than 10- half the usual dose every 24h"
cefazolin,IV|IM,0,10,adjust,,IN,icmr-tg-2019,"ICMR Treatment Guidelines for Antimicrobial Use in Common Syndromes, 2nd edition (2019)","Table 14.1 row 8 (Cefazolin Sodium Inj.), p. 166","35-54 : Full doses at 8 hourly interval, 11-34-half the usual dose every 12 h, less than 10- half the usual dose every 24h"
cefuroxime,IV|IM,21,999,none,,IN,icmr-tg-2019,"ICMR Treatment Guidelines for Antimicrobial Use in Common Syndromes, 2nd edition (2019)","Table 14.1 row 9 (Cefuroxime Sodium Inj.), p. 167",10-20: 750 mg 12 hourly
cefuroxime,IV|IM,10,20,adjust,1500,IN,icmr-tg-2019,"ICMR Treatment Guidelines for Antimicrobial Use in Common Syndromes, 2nd edition (2019)","Table 14.1 row 9 (Cefuroxime Sodium Inj.), p. 167",10-20: 750 mg 12 hourly
cefuroxime,IV|IM,0,9,adjust,750,IN,icmr-tg-2019,"ICMR Treatment Guidelines for Antimicrobial Use in Common Syndromes, 2nd edition (2019)","Table 14.1 row 9 (Cefuroxime Sodium Inj.), p. 167",< 10 : 750 mg OD
cefotaxime,IV|IM,50,999,none,,IN,icmr-tg-2019,"ICMR Treatment Guidelines for Antimicrobial Use in Common Syndromes, 2nd edition (2019)","Table 14.1 row 10 (Cefotaxime Sodium Inj.), p. 167",< 50-10: 2g 12 hourly
cefotaxime,IV|IM,10,49,adjust,4000,IN,icmr-tg-2019,"ICMR Treatment Guidelines for Antimicrobial Use in Common Syndromes, 2nd edition (2019)","Table 14.1 row 10 (Cefotaxime Sodium Inj.), p. 167",< 50-10: 2g 12 hourly
cefotaxime,IV|IM,0,9,adjust,2000,IN,icmr-tg-2019,"ICMR Treatment Guidelines for Antimicrobial Use in Common Syndromes, 2nd edition (2019)","Table 14.1 row 10 (Cefotaxime Sodium Inj.), p. 167",2 g OD
ceftriaxone,IV|IM,0,999,none,,IN,icmr-tg-2019,"ICMR Treatment Guidelines for Antimicrobial Use in Common Syndromes, 2nd edition (2019)","Table 14.1 row 11 (Ceftriaxone Inj.), p. 167; 'NC' is not defined in the table and is read as no change",NC
ceftazidime,IV|IM,50,999,none,,IN,icmr-tg-2019,"ICMR Treatment Guidelines for Antimicrobial Use in Common Syndromes, 2nd edition (2019)","Table 14.1 row 12 (Ceftazidime Inj.), p. 168",< 50 -30 1g iv bd
ceftazidime,IV|IM,31,49,adjust,2000,IN,icmr-tg-2019,"ICMR Treatment Guidelines for Antimicrobial Use in Common Syndromes, 2nd edition (2019)","Table 14.1 row 12 (Ceftazidime Inj.), p. 168",< 50 -30 1g iv bd
ceftazidime,IV|IM,10,30,adjust,1000,IN,icmr-tg-2019,"ICMR Treatment Guidelines for Antimicrobial Use in Common Syndromes, 2nd edition (2019)","Table 14.1 row 12 (Ceftazidime Inj.), p. 168",30-10: 1g iv OD
ceftazidime,IV|IM,0,9,adjust,500,IN,icmr-tg-2019,"ICMR Treatment Guidelines for Antimicrobial Use in Common Syndromes, 2nd edition (2019)","Table 14.1 row 12 (Ceftazidime Inj.), p. 168",<10: 500 mg OD
cefepime,IV|IM,50,999,none,,IN,icmr-tg-2019,"ICMR Treatment Guidelines for Antimicrobial Use in Common Syndromes, 2nd edition (2019)","Table 14.1 row 15 (Cefepime Inj.), p. 169",< 50-10: 1 g OD
cefepime,IV|IM,10,49,adjust,1000,IN,icmr-tg-2019,"ICMR Treatment Guidelines for Antimicrobial Use in Common Syndromes, 2nd edition (2019)","Table 14.1 row 15 (Cefepime Inj.), p. 169",< 50-10: 1 g OD
cefepime,IV|IM,0,9,adjust,1000,IN,icmr-tg-2019,"ICMR Treatment Guidelines for Antimicrobial Use in Common Syndromes, 2nd edition (2019)","Table 14.1 row 15 (Cefepime Inj.), p. 169",< 10: 0.5-1 g OD
imipenem/cilastatin,IV,70,999,none,,IN,icmr-tg-2019,"ICMR Treatment Guidelines for Antimicrobial Use in Common Syndromes, 2nd edition (2019)","Table 14.1 row 18 (Imipenem & Cilastatin Sodium Inj.), p. 170",< 70-41: 500 mg 8 hourly
imipenem/cilastatin,IV,41,69,adjust,1500,IN,icmr-tg-2019,"ICMR Treatment Guidelines for Antimicrobial Use in Common Syndromes, 2nd edition (2019)","Table 14.1 row 18 (Imipenem & Cilastatin Sodium Inj.), p. 170",< 70-41: 500 mg 8 hourly
imipenem/cilastatin,IV,21,40,adjust,1000,IN,icmr-tg-2019,"ICMR Treatment Guidelines for Antimicrobial Use in Common Syndromes, 2nd edition (2019)","Table 14.1 row 18 (Imipenem & Cilastatin Sodium Inj.), p. 170",<40-21: 500 mg 12 hourly
imipenem/cilastatin,IV,5,20,adjust,250,IN,icmr-tg-2019,"ICMR Treatment Guidelines for Antimicrobial Use in Common Syndromes, 2nd edition (2019)","Table 14.1 row 18 (Imipenem & Cilastatin Sodium Inj.), p. 170",< 20 or HD : 250 mg OD
imipenem/cilastatin,IV,0,4,avoid,,IN,icmr-tg-2019,"ICMR Treatment Guidelines for Antimicrobial Use in Common Syndromes, 2nd edition (2019)","Table 14.1 row 18 (Imipenem & Cilastatin Sodium Inj.), p. 170",<5: do not give until HD is initiated within 48 hrs
meropenem,IV,51,999,none,,IN,icmr-tg-2019,"ICMR Treatment Guidelines for Antimicrobial Use in Common Syndromes, 2nd edition (2019)","Table 14.1 row 19 (Meropenem Inj.), p. 170-171","26-50, 12 hourly"
meropenem,IV,26,50,adjust,,IN,icmr-tg-2019,"ICMR Treatment Guidelines for Antimicrobial Use in Common Syndromes, 2nd edition (2019)","Table 14.1 row 19 (Meropenem Inj.), p. 170-171","26-50, 12 hourly"
meropenem,IV,10,25,adjust,,IN,icmr-tg-2019,"ICMR Treatment Guidelines for Antimicrobial Use in Common Syndromes, 2nd edition (2019)","Table 14.1 row 19 (Meropenem Inj.), p. 170-171","10-25, half of the dose at 12 hourly interval"
meropenem,IV,0,9,adjust,,IN,icmr-tg-2019,"ICMR Treatment Guidelines for Antimicrobial Use in Common Syndromes, 2nd edition (2019)","Table 14.1 row 19 (Meropenem Inj.), p. 170-171","<10, half dose at 24 hr interval"
clindamycin,IV|IM,0,999,none,,IN,icmr-tg-2019,"ICMR Treatment Guidelines for Antimicrobial Use in Common Syndromes, 2nd edition (2019)","Table 14.1 row 24 (Clindamycin Inj.), p. 173; 'NC' is not defined in the table and is read as no change",NC
azithromycin,IV,0,999,none,,IN,icmr-tg-2019,"ICMR Treatment Guidelines for Antimicrobial Use in Common Syndromes, 2nd edition (2019)","Table 14.1 row 28 (Azithromycin Inj.), p. 175; 'NC' is not defined in the table and is read as no change",NC
ciprofloxacin,IV,50,999,none,,IN,icmr-tg-2019,"ICMR Treatment Guidelines for Antimicrobial Use in Common Syndromes, 2nd edition (2019)","Table 14.1 row 29 (Ciprofloxacin Inj), p. 176",< 50 : 50% of dose OD
ciprofloxacin,IV,0,49,adjust,,IN,icmr-tg-2019,"ICMR Treatment Guidelines for Antimicrobial Use in Common Syndromes, 2nd edition (2019)","Table 14.1 row 29 (Ciprofloxacin Inj), p. 176",< 50 : 50% of dose OD
levofloxacin,IV,51,999,none,,IN,icmr-tg-2019,"ICMR Treatment Guidelines for Antimicrobial Use in Common Syndromes, 2nd edition (2019)","Table 14.1 row 30 (Levofloxacin Inj.), p. 176",50-10 : 50% of dose OD
levofloxacin,IV,10,50,adjust,375,IN,icmr-tg-2019,"ICMR Treatment Guidelines for Antimicrobial Use in Common Syndromes, 2nd edition (2019)","Table 14.1 row 30 (Levofloxacin Inj.), p. 176",50-10 : 50% of dose OD
levofloxacin,IV,0,9,adjust,187.5,IN,icmr-tg-2019,"ICMR Treatment Guidelines for Antimicrobial Use in Common Syndromes, 2nd edition (2019)","Table 14.1 row 30 (Levofloxacin Inj.), p. 176",< 10 : 25 % of dose OD or 50% dose every 48 hrs
metronidazole,IV,10,999,none,,IN,icmr-tg-2019,"ICMR Treatment Guidelines for Antimicrobial Use in Common Syndromes, 2nd edition (2019)","Table 14.1 row 32 (Metronidazole Inj.), p. 176",< 10: 50% of usual dose 12 hourly
metronidazole,IV,0,9,adjust,,IN,icmr-tg-2019,"ICMR Treatment Guidelines for Antimicrobial Use in Common Syndromes, 2nd edition (2019)","Table 14.1 row 32 (Metronidazole Inj.), p. 176",< 10: 50% of usual dose 12 hourly
amikacin,IV|IM,60,999,none,,IN,icmr-tg-2019,"ICMR Treatment Guidelines for Antimicrobial Use in Common Syndromes, 2nd edition (2019)","Table 14.1 row 25 (Amikacin Sulphate Inj.), p. 174","40-59, :15 mg/kgq36h"
amikacin,IV|IM,40,59,adjust,,IN,icmr-tg-2019,"ICMR Treatment Guidelines for Antimicrobial Use in Common Syndromes, 2nd edition (2019)","Table 14.1 row 25 (Amikacin Sulphate Inj.), p. 174","40-59, :15 mg/kgq36h"
amikacin,IV|IM,30,39,adjust,,IN,icmr-tg-2019,"ICMR Treatment Guidelines for Antimicrobial Use in Common Syndromes, 2nd edition (2019)","Table 14.1 row 25 (Amikacin Sulphate Inj.), p. 174",30-39- 15mg/kgq48h
amikacin,IV|IM,0,29,avoid,,IN,icmr-tg-2019,"ICMR Treatment Guidelines for Antimicrobial Use in Common Syndromes, 2nd edition (2019)","Table 14.1 row 25 (Amikacin Sulphate Inj.), p. 174",<30- Not recommended
gentamicin,IV|IM,61,999,none,,IN,icmr-tg-2019,"ICMR Treatment Guidelines for Antimicrobial Use in Common Syndromes, 2nd edition (2019)","Table 14.1 row 26 (Gentamicin Inj.), p. 174","Cr CL 40-60, - 5mg/kg q36hr"
gentamicin,IV|IM,40,60,adjust,,IN,icmr-tg-2019,"ICMR Treatment Guidelines for Antimicrobial Use in Common Syndromes, 2nd edition (2019)","Table 14.1 row 26 (Gentamicin Inj.), p. 174","Cr CL 40-60, - 5mg/kg q36hr"
gentamicin,IV|IM,0,39,adjust,,IN,icmr-tg-2019,"ICMR Treatment Guidelines for Antimicrobial Use in Common Syndromes, 2nd edition (2019)","Table 14.1 row 26 (Gentamicin Inj.), p. 174","<40_4 mg/kg, next dose should prefereably be on the basis of concentration and if definitely needed"
amoxicillin/clavulanic acid,PO,31,999,none,,IN,gsk-india:AUG-TAB/PI/IN/2025/01,"GSK India prescribing information, AUGMENTIN 625 / 1g DUO (revised 16-OCT-2025)",4.2 Renal Impairment,No adjustment in dose is required in patients with creatinine clearance (CrCl) greater than 30 mL/min.
amoxicillin/clavulanic acid,PO,10,30,adjust,,IN,gsk-india:AUG-TAB/PI/IN/2025/01,"GSK India prescribing information, AUGMENTIN 625 / 1g DUO (revised 16-OCT-2025)",4.2 Renal Impairment,CrCl 10-30 mL/min One AUGMENTIN 625 mg tablet every 12 hours.
amoxicillin/clavulanic acid,PO,0,9,adjust,,IN,gsk-india:AUG-TAB/PI/IN/2025/01,"GSK India prescribing information, AUGMENTIN 625 / 1g DUO (revised 16-OCT-2025)",4.2 Renal Impairment,CrCl < 10 mL/min One AUGMENTIN 625 mg tablet every 24 hours.
cefuroxime,PO,30,999,none,,IN,gsk-india:CEF-CL/PI/IN/2026/01,"GSK India prescribing information, CEFTUM (cefuroxime axetil) tablets (revised 24-JUL-2026)","Special patient populations, Renal impairment",No dose adjustment necessary; standard dose of 125 mg to 500 mg given twice daily
cefuroxime,PO,10,29,adjust,500,IN,gsk-india:CEF-CL/PI/IN/2026/01,"GSK India prescribing information, CEFTUM (cefuroxime axetil) tablets (revised 24-JUL-2026)","Special patient populations, Renal impairment",Standard individual dose given every 24 hours
cefuroxime,PO,0,9,adjust,250,IN,gsk-india:CEF-CL/PI/IN/2026/01,"GSK India prescribing information, CEFTUM (cefuroxime axetil) tablets (revised 24-JUL-2026)","Special patient populations, Renal impairment",Standard individual dose given every 48 hours
amoxicillin,PO,31,999,none,,US,dailymed:00fbd46e-05fd-4f8a-9f59-a7a4d01c8e54,"US FDA label, amoxicillin tablets (DailyMed, effective 2023-12-18); fallback: no Indian source found",Section 2.5,Patients with impaired renal function do not generally require a reduction in dose unless the impairment is severe.
amoxicillin,PO,10,30,adjust,1000,US,dailymed:00fbd46e-05fd-4f8a-9f59-a7a4d01c8e54,"US FDA label, amoxicillin tablets (DailyMed, effective 2023-12-18); fallback: no Indian source found",Section 2.5 Table 2,"GFR 10 to 30 mL/min 500 mg or 250 mg every 12 hours, depending on the severity of the infection"
amoxicillin,PO,0,9,adjust,500,US,dailymed:00fbd46e-05fd-4f8a-9f59-a7a4d01c8e54,"US FDA label, amoxicillin tablets (DailyMed, effective 2023-12-18); fallback: no Indian source found",Section 2.5 Table 2,"GFR less than 10 mL/min 500 mg or 250 mg every 24 hours, depending on severity of the infection"
cefalexin,PO,61,999,none,,US,dailymed:0384c418-b4d4-4c06-9ed9-13e864b1980b,"US FDA label, cephalexin capsules (DailyMed, effective 2026-07-16); fallback: no Indian source found",Section 2.3,Creatinine clearance >60mL/min. No dose adjustment
cefalexin,PO,30,60,adjust,1000,US,dailymed:0384c418-b4d4-4c06-9ed9-13e864b1980b,"US FDA label, cephalexin capsules (DailyMed, effective 2026-07-16); fallback: no Indian source found",Section 2.3,Creatinine clearance 30 to 59 mL/min No dose adjustment; maximum daily dose should not exceed 1 g
cefalexin,PO,15,29,adjust,750,US,dailymed:0384c418-b4d4-4c06-9ed9-13e864b1980b,"US FDA label, cephalexin capsules (DailyMed, effective 2026-07-16); fallback: no Indian source found",Section 2.3,"Creatinine clearance 15 to 29 mL/min 250 mg, every 8 hours or every 12 hours"
cefalexin,PO,5,14,adjust,250,US,dailymed:0384c418-b4d4-4c06-9ed9-13e864b1980b,"US FDA label, cephalexin capsules (DailyMed, effective 2026-07-16); fallback: no Indian source found",Section 2.3,"Creatinine clearance 5 to 14 mL/min not yet on dialysis* 250 mg, every 24 hours"
cefalexin,PO,1,4,adjust,125,US,dailymed:0384c418-b4d4-4c06-9ed9-13e864b1980b,"US FDA label, cephalexin capsules (DailyMed, effective 2026-07-16); fallback: no Indian source found",Section 2.3,"Creatinine clearance 1 to 4 mL/min not yet on dialysis* 250 mg, every 48 hours or every 60 hours"
ciprofloxacin,PO,51,999,none,,US,dailymed:0fac4466-fbe5-49d2-96e3-e3ac2739bd5b,"US FDA label, ciprofloxacin tablets (DailyMed, effective 2026-04-07); fallback: no Indian source found",Section 2.3 Table 4,> 50 See Usual Dosage.
ciprofloxacin,PO,30,50,adjust,1000,US,dailymed:0fac4466-fbe5-49d2-96e3-e3ac2739bd5b,"US FDA label, ciprofloxacin tablets (DailyMed, effective 2026-04-07); fallback: no Indian source found",Section 2.3 Table 4,30 to 50 250 to 500 mg every 12 hours
ciprofloxacin,PO,5,29,adjust,666.7,US,dailymed:0fac4466-fbe5-49d2-96e3-e3ac2739bd5b,"US FDA label, ciprofloxacin tablets (DailyMed, effective 2026-04-07); fallback: no Indian source found",Section 2.3 Table 4,5 to 29 250 to 500 mg every 18 hours
levofloxacin,PO,50,999,none,,US,dailymed:05d179f5-b200-8597-e063-6394a90a10cc,"US FDA label, levofloxacin tablets (DailyMed, effective 2025-03-04); fallback: no Indian source found",Section 2.3,No adjustment is necessary for patients with a creatinine clearance greater than or equal to 50 mL/minute.
levofloxacin,PO,20,49,adjust,375,US,dailymed:05d179f5-b200-8597-e063-6394a90a10cc,"US FDA label, levofloxacin tablets (DailyMed, effective 2025-03-04); fallback: no Indian source found",Section 2.3 Table 3,"In patients with renal impairment (creatinine clearance less than 50 mL/min), adjustment of the dosage regimen is necessary to avoid the accumulation of levofloxacin due to decreased clearance"
levofloxacin,PO,10,19,adjust,250,US,dailymed:05d179f5-b200-8597-e063-6394a90a10cc,"US FDA label, levofloxacin tablets (DailyMed, effective 2025-03-04); fallback: no Indian source found",Section 2.3 Table 3,"In patients with renal impairment (creatinine clearance less than 50 mL/min), adjustment of the dosage regimen is necessary to avoid the accumulation of levofloxacin due to decreased clearance"
sulfamethoxazole/trimethoprim,PO,31,999,none,,US,dailymed:079c828c-148f-45b9-966e-d8906043b2a2,"US FDA label, sulfamethoxazole and trimethoprim tablets (DailyMed, effective 2024-12-17); fallback: no Indian source found",Section Dosage and Administration,Creatinine Clearance (mL/min) Recommended Dosage Regimen Above 30 15–30 Below 15 Usual standard regimen ½ the usual regimen Use not recommended
sulfamethoxazole/trimethoprim,PO,15,30,adjust,,US,dailymed:079c828c-148f-45b9-966e-d8906043b2a2,"US FDA label, sulfamethoxazole and trimethoprim tablets (DailyMed, effective 2024-12-17); fallback: no Indian source found",Section Dosage and Administration,Creatinine Clearance (mL/min) Recommended Dosage Regimen Above 30 15–30 Below 15 Usual standard regimen ½ the usual regimen Use not recommended
sulfamethoxazole/trimethoprim,PO,0,14,avoid,,US,dailymed:079c828c-148f-45b9-966e-d8906043b2a2,"US FDA label, sulfamethoxazole and trimethoprim tablets (DailyMed, effective 2024-12-17); fallback: no Indian source found",Section Dosage and Administration,Creatinine Clearance (mL/min) Recommended Dosage Regimen Above 30 15–30 Below 15 Usual standard regimen ½ the usual regimen Use not recommended
doxycycline,PO,0,999,none,,US,dailymed:00b2aa98-dea2-90c3-e063-6294a90a35d6,"US FDA label, doxycycline (DailyMed, effective 2026-05-01); fallback: no Indian source found",Section Dosage and Administration,Studies to date have indicated that administration of doxycycline at the usual recommended doses does not lead to excessive accumulation of doxycycline in patients with renal impairment.
nitrofurantoin,PO,60,999,none,,US,dailymed:04af8b73-7e15-7da8-e063-6294a90af284,"US FDA label, nitrofurantoin (DailyMed, effective 2024-03-29); fallback: no Indian source found",Section 4 Contraindications,"patients who have anuria, oliguria, or significant impairment of renal function (creatinine clearance under 60 mL per minute or clinically significant elevated serum creatinine)"
nitrofurantoin,PO,45,59,review,,US,dailymed:04af8b73-7e15-7da8-e063-6294a90af284,"US FDA label, nitrofurantoin (DailyMed, effective 2024-03-29); fallback: no Indian source found",Section 4 Contraindications,"patients who have anuria, oliguria, or significant impairment of renal function (creatinine clearance under 60 mL per minute or clinically significant elevated serum creatinine)"
nitrofurantoin,PO,45,59,review,,UK,mhra-dsu-2014-09-nitrofurantoin,"UK MHRA Drug Safety Update, Nitrofurantoin now contraindicated in most patients with an eGFR of less than 45 ml/min/1.73m2 (September 2014; published 12 Feb 2015)",Advice for healthcare professionals,Nitrofurantoin is contraindicated in patients with an estimated glomerular filtration rate (eGFR) of less than 45 ml/min/1.73m2.
nitrofurantoin,PO,30,44,avoid,,US,dailymed:04af8b73-7e15-7da8-e063-6294a90af284,"US FDA label, nitrofurantoin (DailyMed, effective 2024-03-29); fallback: no Indian source found",Section 4 Contraindications,"patients who have anuria, oliguria, or significant impairment of renal function (creatinine clearance under 60 mL per minute or clinically significant elevated serum creatinine)"
nitrofurantoin,PO,0,29,avoid,,US,dailymed:04af8b73-7e15-7da8-e063-6294a90af284,"US FDA label, nitrofurantoin (DailyMed, effective 2024-03-29); fallback: no Indian source found",Section 4 Contraindications,"patients who have anuria, oliguria, or significant impairment of renal function (creatinine clearance under 60 mL per minute or clinically significant elevated serum creatinine)"
nitrofurantoin,PO,30,44,avoid,,UK,mhra-dsu-2014-09-nitrofurantoin,"UK MHRA Drug Safety Update, Nitrofurantoin now contraindicated in most patients with an eGFR of less than 45 ml/min/1.73m2 (September 2014; published 12 Feb 2015)",Advice for healthcare professionals,Nitrofurantoin is contraindicated in patients with an estimated glomerular filtration rate (eGFR) of less than 45 ml/min/1.73m2.
nitrofurantoin,PO,0,29,avoid,,UK,mhra-dsu-2014-09-nitrofurantoin,"UK MHRA Drug Safety Update, Nitrofurantoin now contraindicated in most patients with an eGFR of less than 45 ml/min/1.73m2 (September 2014; published 12 Feb 2015)",Advice for healthcare professionals,Nitrofurantoin is contraindicated in patients with an estimated glomerular filtration rate (eGFR) of less than 45 ml/min/1.73m2.
nitrofurantoin,PO,30,44,avoid,,UK,mhra-dsu-2014-09-nitrofurantoin,"UK MHRA Drug Safety Update, Nitrofurantoin now contraindicated in most patients with an eGFR of less than 45 ml/min/1.73m2 (September 2014; published 12 Feb 2015)",Advice for healthcare professionals,A short course (3 to 7 days) may be used with caution in certain patients with an eGFR of 30 to 44 ml/min/1.73m2
